0,1,2,3
-0.5187522768974304,-0.5808690786361694,-0.5809309482574463,-0.5186618566513062
-0.5173462629318237,-0.5722324252128601,-0.5508325695991516,-0.4514853060245514
-0.5194814801216125,-0.5812005400657654,-0.5811793804168701,-0.519309401512146
-0.5095170736312866,-0.5424663424491882,-0.4777663052082062,-0.1389245241880417
-0.5194692611694336,-0.5812922716140747,-0.5812795758247375,-0.5192807912826538
-0.5175143480300903,-0.5779326558113098,-0.5794683694839478,-0.5161927342414856
-0.5193096995353699,-0.5807990431785583,-0.5810225009918213,-0.519528865814209
-0.5195295214653015,-0.5810854434967041,-0.5810577869415283,-0.5195876359939575
-0.51923006772995,-0.5809584856033325,-0.5809916257858276,-0.5187093615531921
-0.42526912689208984,-0.568759024143219,-0.5798223614692688,-0.5184580087661743
-0.5194618701934814,-0.5812209844589233,-0.5812041759490967,-0.5190122127532959
-0.5165985822677612,-0.5794819593429565,-0.5786322355270386,-0.5148563981056213
-0.5161235332489014,-0.5764905214309692,-0.5794062614440918,-0.51911461353302
-0.5195234417915344,-0.5811405777931213,-0.5812048316001892,-0.5193035006523132
-0.514208197593689,-0.5792485475540161,-0.5735132694244385,-0.468793660402298
-0.5177428126335144,-0.5803056955337524,-0.580260694026947,-0.5169664621353149
-0.5194078683853149,-0.5812808871269226,-0.5812850594520569,-0.5195850133895874
-0.5189885497093201,-0.580864429473877,-0.580955982208252,-0.5188208818435669
-0.5146809816360474,-0.564906656742096,-0.5147804617881775,-0.21660543978214264
-0.5192884802818298,-0.5811247825622559,-0.5810976624488831,-0.5190507769584656
-0.5192492008209229,-0.5810632705688477,-0.5811382532119751,-0.51901775598526
-0.5195884108543396,-0.5812468528747559,-0.5812230110168457,-0.5187596082687378
-0.519411563873291,-0.5812573432922363,-0.5812138319015503,-0.5194514393806458
-0.5194936394691467,-0.5812481045722961,-0.5812747478485107,-0.5195420980453491
-0.5151678919792175,-0.5779273509979248,-0.5806565284729004,-0.5194637775421143
-0.5184749364852905,-0.5803890824317932,-0.5793699026107788,-0.5090988278388977
-0.4040294885635376,-0.18377184867858887,-0.021004781126976013,-0.04792553931474686
-0.21071918308734894,-0.4835723340511322,-0.5673204064369202,-0.5155280828475952
-0.5196029543876648,-0.58127361536026,-0.5812600255012512,-0.5197117328643799
-0.5174932479858398,-0.5810185670852661,-0.5810790657997131,-0.5185753107070923
-0.5193457007408142,-0.5811588168144226,-0.5809877514839172,-0.5174166560173035
-0.5112781524658203,-0.5784944295883179,-0.5770033597946167,-0.5186811089515686
-0.5194474458694458,-0.5811151266098022,-0.5811606645584106,-0.5193890333175659
-0.518018901348114,-0.5808932781219482,-0.5807153582572937,-0.5179051160812378
-0.5192680954933167,-0.5812155604362488,-0.5812150239944458,-0.5191627740859985
-0.5193489193916321,-0.5803576111793518,-0.57296222448349,-0.49640953540802
-0.5195810198783875,-0.5811015963554382,-0.581049382686615,-0.5191097259521484
-0.5195983648300171,-0.5812989473342896,-0.5812706351280212,-0.5195401310920715
-0.47118285298347473,-0.35826781392097473,-0.007765299174934626,-0.015770450234413147
-0.5195900797843933,-0.5812625885009766,-0.581184446811676,-0.5192739963531494
-0.519175112247467,-0.5809574127197266,-0.5798401236534119,-0.5075809955596924
-0.5195119976997375,-0.5811524391174316,-0.5810755491256714,-0.5182148814201355
-0.506797194480896,-0.5299010276794434,-0.4323047399520874,-0.13693882524967194
-0.5070219039916992,-0.5689361095428467,-0.5798336267471313,-0.5188218355178833
-0.4443550705909729,-0.2701290547847748,-0.05267816781997681,-0.07449520379304886
-0.5189961791038513,-0.5809825658798218,-0.581171989440918,-0.5189969539642334
-0.5192490816116333,-0.5810023546218872,-0.5811237692832947,-0.5189070701599121
-0.5108964443206787,-0.5792050957679749,-0.5791769027709961,-0.5108787417411804
-0.5084863305091858,-0.5789428353309631,-0.580727219581604,-0.5181910395622253
-0.5191875696182251,-0.5810582637786865,-0.58111172914505,-0.5192026495933533
-0.5193498134613037,-0.581179141998291,-0.5811978578567505,-0.5193086862564087
-0.4949030578136444,-0.5681444406509399,-0.520782470703125,-0.20719046890735626
-0.49699217081069946,-0.5690953135490417,-0.579511284828186,-0.5188618898391724
-0.5188815593719482,-0.5800695419311523,-0.5765501260757446,-0.4933225214481354
-0.5192628502845764,-0.5810048580169678,-0.5810281038284302,-0.5189113020896912
-0.16101214289665222,-0.3444809019565582,-0.553240180015564,-0.514182984828949
-0.5169270038604736,-0.5742362141609192,-0.5794833302497864,-0.5189846158027649
-0.5107828378677368,-0.567730188369751,-0.5627356767654419,-0.49539807438850403
-0.5116803050041199,-0.5722152590751648,-0.577740490436554,-0.5186465978622437
-0.5191220045089722,-0.5792310833930969,-0.5723939538002014,-0.49312201142311096
-0.5007200837135315,-0.5789846181869507,-0.5808776617050171,-0.5194382071495056
-0.4685002863407135,-0.5332462191581726,-0.552104115486145,-0.5069756507873535
-0.5175018310546875,-0.5810151696205139,-0.5810585618019104,-0.5188942551612854
-0.5097340941429138,-0.572859525680542,-0.576408326625824,-0.5192642211914062
-0.5147987008094788,-0.5794335007667542,-0.5801456570625305,-0.5151639580726624
-0.5191735029220581,-0.5789662003517151,-0.5806898474693298,-0.5192382335662842
-0.2880641520023346,-0.4997847378253937,-0.5572893023490906,-0.5037041306495667
-0.5194284915924072,-0.5812070965766907,-0.5811628103256226,-0.519128680229187
-0.5164673328399658,-0.580764889717102,-0.5806477665901184,-0.5178765654563904
-0.5161492824554443,-0.5808684825897217,-0.5811922550201416,-0.5193958878517151
-0.5191006660461426,-0.580272912979126,-0.5764577984809875,-0.5110295414924622
-0.5193573832511902,-0.5812209844589233,-0.5811991095542908,-0.519402027130127
-0.5165959596633911,-0.5806994438171387,-0.580580472946167,-0.5181732177734375
-0.5041193962097168,-0.5779615640640259,-0.5727850794792175,-0.48031917214393616
-0.519329309463501,-0.5811699628829956,-0.5812039375305176,-0.5192120671272278
-0.5193399786949158,-0.5809852480888367,-0.5811319351196289,-0.5192468166351318
-0.5147568583488464,-0.5607022643089294,-0.47121599316596985,-0.15940561890602112
-0.5195831060409546,-0.5812925696372986,-0.5811613202095032,-0.5189616680145264
-0.5195278525352478,-0.5811924934387207,-0.5811489820480347,-0.5192092657089233
-0.519426167011261,-0.5812668204307556,-0.5812147855758667,-0.5191903114318848
-0.519249677658081,-0.5809311270713806,-0.5809047222137451,-0.5192822217941284
-0.5170096755027771,-0.5771402716636658,-0.5803727507591248,-0.5189809203147888
-0.5195067524909973,-0.5812615156173706,-0.5812181234359741,-0.5193673372268677
-0.5194054841995239,-0.581147313117981,-0.5812793374061584,-0.5196824073791504
-0.5179732441902161,-0.5788370370864868,-0.5793062448501587,-0.5142419338226318
-0.5196174383163452,-0.5812649130821228,-0.581300675868988,-0.5197378993034363
-0.5146344900131226,-0.5775891542434692,-0.5774779319763184,-0.5118569135665894
-0.5192348957061768,-0.5812008380889893,-0.5811890363693237,-0.5193914175033569
-0.47624170780181885,-0.5695298314094543,-0.5771538019180298,-0.4954759180545807
-0.5195727944374084,-0.5812699198722839,-0.581180214881897,-0.5190809965133667
-0.5165594816207886,-0.5792859792709351,-0.5789088010787964,-0.5151485204696655
-0.5192552208900452,-0.5807762145996094,-0.5794968008995056,-0.5130194425582886
-0.5145585536956787,-0.5799111127853394,-0.5809043645858765,-0.5189007520675659
-0.4972456693649292,-0.5477656722068787,-0.5789122581481934,-0.5184842348098755
-0.5189740061759949,-0.5810876488685608,-0.581059992313385,-0.5190112590789795
-0.5179547667503357,-0.5808584094047546,-0.5811588168144226,-0.519400417804718
-0.5161569714546204,-0.5797016620635986,-0.5800094604492188,-0.5161880254745483
-0.5194633603096008,-0.5812280774116516,-0.5809959769248962,-0.5177748799324036
-0.5191354155540466,-0.5805063843727112,-0.5786699652671814,-0.5174975395202637
-0.5192922949790955,-0.5811606645584106,-0.581131637096405,-0.5192197561264038
-0.519449770450592,-0.5811015963554382,-0.5812366604804993,-0.5195283889770508
-0.517265260219574,-0.580121636390686,-0.5799291729927063,-0.5157290697097778
-0.5194621086120605,-0.5812273621559143,-0.5812397003173828,-0.5196329355239868
-0.5191614031791687,-0.579038143157959,-0.5801160335540771,-0.5188376903533936
-0.5192265510559082,-0.5807754993438721,-0.5800131559371948,-0.5119091868400574
-0.5182032585144043,-0.5804222822189331,-0.5806062817573547,-0.5185755491256714
-0.5193577408790588,-0.5811505913734436,-0.5811614990234375,-0.5191875100135803
-0.5194191932678223,-0.5811166167259216,-0.581179678440094,-0.5191474556922913
-0.5182165503501892,-0.5794283151626587,-0.5782460570335388,-0.515220582485199
-0.32638823986053467,-0.5353923439979553,-0.45084530115127563,-0.13636507093906403
-0.5188130140304565,-0.5807532668113708,-0.5773794054985046,-0.5191449522972107
-0.5160651803016663,-0.5807142853736877,-0.5808398127555847,-0.5186574459075928
-0.5072497129440308,-0.5710893869400024,-0.5711780190467834,-0.5169723033905029
-0.5171196460723877,-0.5699478983879089,-0.4330754280090332,-0.45712053775787354
-0.5159823894500732,-0.5794410109519958,-0.5807795524597168,-0.5183953642845154
-0.5192752480506897,-0.5812149047851562,-0.5811935663223267,-0.5191942453384399
-0.5166763067245483,-0.5767967104911804,-0.577415406703949,-0.5187126398086548
-0.5187239646911621,-0.5808568596839905,-0.5807150602340698,-0.5167882442474365
-0.5170687437057495,-0.5806551575660706,-0.5805923342704773,-0.5172852277755737
-0.5183903574943542,-0.5790877938270569,-0.5787851214408875,-0.5158844590187073
-0.5195059776306152,-0.5811458230018616,-0.5812448859214783,-0.5192705988883972
-0.5187788009643555,-0.5810386538505554,-0.5811230540275574,-0.5186476707458496
-0.5106961727142334,-0.5793812274932861,-0.5801714062690735,-0.5146966576576233
-0.5186522006988525,-0.579969048500061,-0.580422580242157,-0.5196765065193176
-0.518477737903595,-0.5806235074996948,-0.5804635286331177,-0.517480731010437
-0.5194324851036072,-0.5811540484428406,-0.5811896920204163,-0.5191638469696045
-0.5195286273956299,-0.5809324979782104,-0.5803093910217285,-0.5184110999107361
-0.5173718929290771,-0.5789153575897217,-0.5801185369491577,-0.5178517699241638
-0.47066596150398254,-0.3731887936592102,-0.052371878176927567,-0.07007426768541336
-0.5188999176025391,-0.5802735090255737,-0.5799703598022461,-0.5195518136024475
-0.5160101652145386,-0.5805439352989197,-0.5811029076576233,-0.5193064212799072
-0.5195316672325134,-0.5812779068946838,-0.5812350511550903,-0.5193842649459839
-0.3144102394580841,-0.5340587496757507,-0.505870521068573,-0.1563510149717331
-0.5171964168548584,-0.5807144045829773,-0.5810968279838562,-0.5193666815757751
-0.5190961360931396,-0.5810849070549011,-0.5811285972595215,-0.5191279053688049
-0.519408106803894,-0.5811669230461121,-0.5811792612075806,-0.5196641087532043
-0.5194814205169678,-0.5810736417770386,-0.579970121383667,-0.5148903727531433
-0.5195505023002625,-0.5811783671379089,-0.5811718106269836,-0.5188538432121277
-0.5194929242134094,-0.5812629461288452,-0.5811728835105896,-0.5192901492118835
-0.512667179107666,-0.580248236656189,-0.577697217464447,-0.5163210034370422
-0.5187475085258484,-0.5810557007789612,-0.5808842182159424,-0.517146110534668
-0.5191496014595032,-0.5809409022331238,-0.5811513066291809,-0.5192641615867615
-0.519536554813385,-0.5811030268669128,-0.5811827778816223,-0.5195665955543518
-0.5184109210968018,-0.5745779275894165,-0.5697793960571289,-0.47234976291656494
-0.5178500413894653,-0.5804336071014404,-0.5785713195800781,-0.5148720145225525
-0.5196214318275452,-0.5812305808067322,-0.5812643766403198,-0.5193455815315247
-0.5183122158050537,-0.5718907713890076,-0.5753644108772278,-0.5145683884620667
-0.48667317628860474,-0.4309745728969574,-0.0917888730764389,-0.22140486538410187
-0.46385982632637024,-0.34777745604515076,0.016613543033599854,-0.014922895468771458
-0.5187168121337891,-0.580875813961029,-0.5807896256446838,-0.5183457732200623
-0.19123637676239014,-0.22993311285972595,-0.2653658390045166,-0.4838574230670929
-0.16037863492965698,-0.3215533494949341,-0.5250773429870605,-0.5111766457557678
-0.5195169448852539,-0.581246018409729,-0.5811604857444763,-0.5196614265441895
-0.47846558690071106,-0.560922384262085,-0.5787120461463928,-0.5188196897506714
-0.3246289789676666,-0.5525566935539246,-0.5421330332756042,-0.33354106545448303
-0.5185534358024597,-0.5789999961853027,-0.5705485343933105,-0.4829031527042389
-0.519479513168335,-0.5812686085700989,-0.5811960697174072,-0.5191775560379028
-0.519461989402771,-0.5812456011772156,-0.5812376737594604,-0.5192786455154419
-0.519454300403595,-0.5812273621559143,-0.5812733769416809,-0.5195838212966919
-0.5149549245834351,-0.5797752737998962,-0.5801878571510315,-0.5177835822105408
-0.49322548508644104,-0.5761544108390808,-0.5799806714057922,-0.5188152194023132
-0.5181514620780945,-0.5749688744544983,-0.4702598750591278,-0.4590211808681488
-0.5169010162353516,-0.579937219619751,-0.5793838500976562,-0.5119644403457642
-0.4129272997379303,-0.14967231452465057,-0.4121999740600586,-0.4974306523799896
-0.5145638585090637,-0.5789011120796204,-0.5780900120735168,-0.5150750875473022
-0.511521577835083,-0.577006995677948,-0.5776792168617249,-0.512509822845459
-0.5184339880943298,-0.5811359882354736,-0.5812206864356995,-0.5194051861763
-0.5163381099700928,-0.5791947841644287,-0.5745601058006287,-0.514744758605957
-0.34914159774780273,-0.5231104493141174,-0.5031948685646057,-0.4668267071247101
-0.5186229348182678,-0.580987811088562,-0.5810911655426025,-0.5190955400466919
-0.505530059337616,-0.5511667728424072,-0.41663405299186707,-0.14709030091762543
-0.5192627906799316,-0.5811490416526794,-0.5811182856559753,-0.5191993117332458
-0.5193882584571838,-0.5810538530349731,-0.5805798768997192,-0.5196151733398438
-0.5194176435470581,-0.5812185406684875,-0.5812326669692993,-0.5193629264831543
-0.5194318890571594,-0.5810021758079529,-0.5811150670051575,-0.5186018347740173
-0.5188378691673279,-0.5787586569786072,-0.5726563930511475,-0.5019800066947937
-0.5194005966186523,-0.5809821486473083,-0.5811416506767273,-0.5192599296569824
-0.5195364952087402,-0.5812608003616333,-0.5811633467674255,-0.5193583965301514
-0.5195698142051697,-0.5812622308731079,-0.5812479257583618,-0.5195484757423401
-0.5193895697593689,-0.5811907052993774,-0.5810878872871399,-0.51936274766922
-0.5192081332206726,-0.5811107754707336,-0.5811223387718201,-0.5191967487335205
-0.5194569826126099,-0.5811873078346252,-0.5809398293495178,-0.5178971886634827
-0.5184390544891357,-0.5809153318405151,-0.5807650685310364,-0.5189610123634338
-0.49966615438461304,-0.4882446825504303,-0.16003838181495667,-0.24763993918895721
-0.5191479325294495,-0.5805136561393738,-0.5798324346542358,-0.5153515934944153
-0.5184208154678345,-0.5802378058433533,-0.5783344507217407,-0.5166348814964294
-0.507087230682373,-0.5507282614707947,-0.443318247795105,-0.09087075293064117
-0.519404947757721,-0.5812521576881409,-0.5812634229660034,-0.5194360017776489
-0.5195849537849426,-0.5813271999359131,-0.5813149213790894,-0.5195155143737793
-0.5194246768951416,-0.5811680555343628,-0.5810772180557251,-0.5184800028800964
-0.443309485912323,-0.5000355243682861,-0.5329394936561584,-0.25278523564338684
-0.028712404891848564,-0.06867063045501709,-0.19185395538806915,-0.45489874482154846
-0.5186998248100281,-0.5809720754623413,-0.580879271030426,-0.5187629461288452
-0.5192486643791199,-0.5810843110084534,-0.5811336636543274,-0.5187831521034241
-0.5195820331573486,-0.5809462070465088,-0.5811195373535156,-0.5190606117248535
-0.5102057456970215,-0.5789201259613037,-0.5800033211708069,-0.5190740823745728
-0.5156288146972656,-0.580901563167572,-0.5811864137649536,-0.5193588733673096
-0.4873802959918976,-0.4248069226741791,-0.05587712675333023,-0.0294832494109869
-0.5195138454437256,-0.5812057852745056,-0.5811867117881775,-0.5189622044563293
-0.5070610046386719,-0.5784316062927246,-0.5758129954338074,-0.5120025277137756
-0.3640548884868622,-0.5547757744789124,-0.5782455205917358,-0.517577588558197
-0.5195263028144836,-0.5811284780502319,-0.5811975002288818,-0.5195885300636292
-0.5156288146972656,-0.569166362285614,-0.5144562125205994,-0.2082398384809494
-0.5194041728973389,-0.5811277031898499,-0.581195592880249,-0.519246518611908
-0.48120325803756714,-0.5761750936508179,-0.5778988599777222,-0.515134871006012
-0.5181450247764587,-0.5809231400489807,-0.5810067057609558,-0.5189032554626465
-0.5153142213821411,-0.5741695761680603,-0.5441256165504456,-0.3281410336494446
-0.5195404291152954,-0.581304669380188,-0.5812824964523315,-0.5194941163063049
-0.5170558094978333,-0.5760675072669983,-0.5778892040252686,-0.518893301486969
-0.41324859857559204,-0.19695383310317993,-0.027962611988186836,-0.05385633558034897
-0.5194622874259949,-0.5812159776687622,-0.58119136095047,-0.5193160176277161
-0.517501711845398,-0.5796252489089966,-0.5805190801620483,-0.5176491737365723
-0.5187557935714722,-0.5808656215667725,-0.5808905959129333,-0.5184854865074158
-0.5192941427230835,-0.5811708569526672,-0.581059455871582,-0.5197707414627075
-0.5186499357223511,-0.5804117918014526,-0.5785698294639587,-0.5052208304405212
-0.5194379091262817,-0.5812563300132751,-0.5812146663665771,-0.519132137298584
-0.5195967555046082,-0.5812509059906006,-0.5810986161231995,-0.5192233324050903
-0.5192821621894836,-0.5811765193939209,-0.581196665763855,-0.5192671418190002
-0.5095347166061401,-0.5788778066635132,-0.5797183513641357,-0.5133728384971619
-0.5191383361816406,-0.5809866189956665,-0.5807055234909058,-0.5195724964141846
-0.5195037722587585,-0.5812773704528809,-0.5812556147575378,-0.5194908380508423
-0.5134862065315247,-0.5776354670524597,-0.5789071917533875,-0.5194562673568726
-0.5193678140640259,-0.5811992287635803,-0.5811724662780762,-0.5191845893859863
-0.5196042656898499,-0.5812546610832214,-0.5812256932258606,-0.5194774866104126
-0.5169909000396729,-0.572775661945343,-0.47676828503608704,-0.5045942068099976
-0.518251359462738,-0.5758398175239563,-0.5513619184494019,-0.32788437604904175
-0.5192736387252808,-0.5811623334884644,-0.5812087655067444,-0.5193088054656982
-0.5192268490791321,-0.5808815956115723,-0.5809994339942932,-0.5189096331596375
-0.5194692611694336,-0.5811160802841187,-0.5811570882797241,-0.519175112247467
-0.519493818283081,-0.5812813639640808,-0.5812880992889404,-0.5196629762649536
-0.5174641609191895,-0.5805932879447937,-0.5792710185050964,-0.5072739720344543
-0.5187566876411438,-0.581116795539856,-0.5811355710029602,-0.5189518928527832
-0.5195040106773376,-0.5812687873840332,-0.58125239610672,-0.5193564891815186
-0.5195109844207764,-0.5811761617660522,-0.5811263918876648,-0.5191397666931152
-0.5193642377853394,-0.581001877784729,-0.580894947052002,-0.5183912515640259
-0.5194804072380066,-0.5812594890594482,-0.5812016725540161,-0.5194052457809448
-0.518901526927948,-0.5791497826576233,-0.5709803104400635,-0.4593575894832611
-0.5176091194152832,-0.5789082646369934,-0.572747528553009,-0.4664056897163391
-0.5170817375183105,-0.573911726474762,-0.5757875442504883,-0.5107874870300293
-0.5185902118682861,-0.5806427001953125,-0.5793294906616211,-0.5173771381378174
-0.5183570384979248,-0.5798433423042297,-0.5792412161827087,-0.5189656615257263
-0.5164781212806702,-0.5802121758460999,-0.5800378322601318,-0.5155929327011108
-0.5194190740585327,-0.5811941027641296,-0.5812028050422668,-0.5193203687667847
-0.5142183899879456,-0.576932430267334,-0.5783489942550659,-0.5191445350646973
-0.5189541578292847,-0.5808320045471191,-0.5809070467948914,-0.518663227558136
-0.5141724944114685,-0.5802792906761169,-0.5808591246604919,-0.5183675289154053
-0.5176177024841309,-0.5803236961364746,-0.579879641532898,-0.516329288482666
-0.5190560221672058,-0.5808501243591309,-0.5804004669189453,-0.5195147395133972
-0.5166112184524536,-0.5785601139068604,-0.5772640705108643,-0.5116555094718933
-0.5191432237625122,-0.580627977848053,-0.5752793550491333,-0.512618899345398
-0.5195677876472473,-0.5811931490898132,-0.5812369585037231,-0.5194785594940186
-0.4139728844165802,-0.5594410300254822,-0.5415959358215332,-0.4649166762828827
-0.5175053477287292,-0.5793102383613586,-0.573448896408081,-0.4530165493488312
-0.5175482034683228,-0.5747987031936646,-0.574101984500885,-0.486272931098938
-0.41389840841293335,-0.11557431519031525,-0.3538929224014282,-0.4990214705467224
-0.5090322494506836,-0.5762544870376587,-0.5766915678977966,-0.5163825750350952
-0.5166691541671753,-0.563376247882843,-0.5747750997543335,-0.5114644765853882
-0.5144868493080139,-0.5575148463249207,-0.4564264416694641,-0.17413780093193054
-0.5190622806549072,-0.5810253024101257,-0.5810447335243225,-0.5188339948654175
-0.5194649696350098,-0.5810799598693848,-0.581182062625885,-0.5193964242935181
-0.5194142460823059,-0.5812095403671265,-0.5811529755592346,-0.5191405415534973
-0.518778920173645,-0.5810683369636536,-0.5809885859489441,-0.5184810161590576
-0.5195583701133728,-0.5812975764274597,-0.5811876058578491,-0.5190471410751343
-0.5184862613677979,-0.5809396505355835,-0.5809745192527771,-0.5187817215919495
-0.5189770460128784,-0.5811315774917603,-0.5809071063995361,-0.5189551711082458
-0.5180426836013794,-0.5805206894874573,-0.5805174708366394,-0.5193887948989868
-0.5192977786064148,-0.5810737013816833,-0.5809968113899231,-0.5189797878265381
-0.5193129181861877,-0.5810191631317139,-0.5812010765075684,-0.5196707844734192
-0.5194254517555237,-0.5811762809753418,-0.5811137557029724,-0.5189819931983948
-0.518325686454773,-0.5793936252593994,-0.5726364850997925,-0.511360228061676
-0.5146344900131226,-0.5775891542434692,-0.5774779319763184,-0.5118569135665894
-0.5193663835525513,-0.5808687806129456,-0.5809870362281799,-0.5190001130104065
-0.5164437890052795,-0.5804829597473145,-0.579967737197876,-0.5187653303146362
-0.5058948397636414,-0.5770200490951538,-0.579623818397522,-0.5193861722946167
-0.518923282623291,-0.5810508728027344,-0.5811113119125366,-0.5189321041107178
-0.5195651650428772,-0.5811604261398315,-0.5811629295349121,-0.5193713903427124
-0.5185540318489075,-0.5804222822189331,-0.5803629159927368,-0.5174658298492432
-0.5191769599914551,-0.5800681114196777,-0.577423632144928,-0.5182722806930542
-0.5193771719932556,-0.5811715126037598,-0.5811196565628052,-0.5184042453765869
-0.5188166499137878,-0.5809127688407898,-0.580491304397583,-0.5180792212486267
-0.5193727612495422,-0.5811970829963684,-0.5811685919761658,-0.5192471742630005
-0.3838824927806854,-0.46955761313438416,-0.5436024069786072,-0.4500662386417389
-0.4990846514701843,-0.5763532519340515,-0.5769244432449341,-0.5190025568008423
-0.519466757774353,-0.5812110900878906,-0.5810270309448242,-0.517288863658905
-0.5161888003349304,-0.5790671110153198,-0.5799193382263184,-0.51569664478302
-0.5169676542282104,-0.5782254338264465,-0.5775444507598877,-0.511839747428894
-0.5183770656585693,-0.5809916257858276,-0.5786325931549072,-0.5167026519775391
-0.5176735520362854,-0.5773043036460876,-0.5795384049415588,-0.51844322681427
-0.5193219184875488,-0.5810877084732056,-0.5810844302177429,-0.5190075635910034
-0.5089874267578125,-0.5311588048934937,-0.3369026184082031,-0.06140650436282158
-0.48834875226020813,-0.2737390995025635,-0.3595629930496216,-0.49818530678749084
-0.5182083249092102,-0.5795398354530334,-0.5733088254928589,-0.48806944489479065
-0.5187978148460388,-0.5809492468833923,-0.5809136629104614,-0.5185288190841675
-0.5138971209526062,-0.5769091248512268,-0.5776236653327942,-0.5184643864631653
-0.4118463099002838,-0.5693414211273193,-0.5664109587669373,-0.5142274498939514
-0.5191343426704407,-0.5790951251983643,-0.5656511783599854,-0.5117707848548889
-0.5194632411003113,-0.5812418460845947,-0.581207275390625,-0.5192736983299255
-0.4915071725845337,-0.5714880228042603,-0.5757080316543579,-0.5139176249504089
-0.5194143652915955,-0.5810228586196899,-0.5810973644256592,-0.5192050337791443
-0.5192695260047913,-0.5806206464767456,-0.579086422920227,-0.5075206756591797
-0.5195370316505432,-0.581241250038147,-0.581211268901825,-0.5194345116615295
-0.5086966156959534,-0.580110490322113,-0.580978512763977,-0.5191275477409363
-0.5149308443069458,-0.5788756012916565,-0.5783429145812988,-0.5060414671897888
-0.5014681816101074,-0.5787627100944519,-0.5806440711021423,-0.5195329785346985
-0.5195147395133972,-0.5810754895210266,-0.5811128616333008,-0.5189059972763062
-0.518897294998169,-0.5810597538948059,-0.5811467170715332,-0.5189735293388367
-0.5193294882774353,-0.5808038711547852,-0.5804280638694763,-0.5189299583435059
-0.5194709300994873,-0.5810907483100891,-0.5813060998916626,-0.5197492241859436
-0.49803224205970764,-0.5669543147087097,-0.5464986562728882,-0.31822264194488525
-0.5195122957229614,-0.5811982750892639,-0.5809431076049805,-0.5173760652542114
-0.5180153846740723,-0.5805152058601379,-0.5811397433280945,-0.51979660987854
-0.5186219215393066,-0.5777152180671692,-0.5718679428100586,-0.5113587975502014
-0.5119951963424683,-0.580161452293396,-0.580869734287262,-0.5188697576522827
-0.5039144158363342,-0.5058441758155823,-0.22173041105270386,-0.11354900151491165
-0.5178478956222534,-0.5797088742256165,-0.5802322626113892,-0.5170448422431946
-0.5161347389221191,-0.5808247923851013,-0.5807727575302124,-0.5183799862861633
-0.5192080736160278,-0.581063985824585,-0.581038236618042,-0.5190407037734985
-0.5146344900131226,-0.5775891542434692,-0.5774779319763184,-0.5118569135665894
-0.5194724798202515,-0.5808490514755249,-0.5807178616523743,-0.5196688175201416
-0.512053370475769,-0.5802079439163208,-0.5806061029434204,-0.5184414982795715
-0.5189217925071716,-0.5795304775238037,-0.5690374374389648,-0.5170358419418335
-0.5192854404449463,-0.5806452631950378,-0.5791187882423401,-0.5110508799552917
-0.356679767370224,-0.08220024406909943,-0.04002176970243454,-0.07073372602462769
-0.5195490121841431,-0.5812050104141235,-0.5812255144119263,-0.5194755792617798
-0.5195707082748413,-0.5812973380088806,-0.5812978148460388,-0.5195610523223877
-0.5185327529907227,-0.5804415941238403,-0.5803163051605225,-0.5180506110191345
-0.5196078419685364,-0.5812975764274597,-0.5813027620315552,-0.5197020769119263
-0.513774037361145,-0.5804235935211182,-0.5809805989265442,-0.5186102986335754
-0.5195353031158447,-0.581177294254303,-0.5810325145721436,-0.5190842151641846
-0.5195033550262451,-0.5812667012214661,-0.5812292695045471,-0.5192599296569824
-0.5194644927978516,-0.5812433958053589,-0.5811585187911987,-0.5192074179649353
-0.5194352865219116,-0.5812568664550781,-0.5812228918075562,-0.5192376971244812
-0.5182999968528748,-0.5801950693130493,-0.5789775848388672,-0.5119583010673523
-0.5194452404975891,-0.581056535243988,-0.5808873772621155,-0.5164772272109985
-0.51947021484375,-0.5812621712684631,-0.581205427646637,-0.5193785429000854
-0.5192220211029053,-0.5808625221252441,-0.579890251159668,-0.5139893293380737
-0.5192589163780212,-0.5810936093330383,-0.581130862236023,-0.5192793607711792
-0.4660170376300812,-0.5737890005111694,-0.578269362449646,-0.5176148414611816
-0.5195822715759277,-0.5812777876853943,-0.581221342086792,-0.5190542936325073
-0.5180231332778931,-0.5769616365432739,-0.5632977485656738,-0.4386560618877411
-0.5192074775695801,-0.5811926126480103,-0.581163227558136,-0.5191867351531982
-0.5172890424728394,-0.5774479508399963,-0.5781152844429016,-0.5065796375274658
-0.5193927884101868,-0.5811387896537781,-0.5811388492584229,-0.5193745493888855
-0.5186254978179932,-0.5808923840522766,-0.5809324979782104,-0.51915442943573
-0.5107681155204773,-0.569922149181366,-0.5215961337089539,-0.20752952992916107
-0.519551157951355,-0.5812095403671265,-0.5812561511993408,-0.5195351243019104
-0.4141067564487457,-0.19953174889087677,0.031024545431137085,-0.009258806705474854
-0.5180692672729492,-0.5806325078010559,-0.58073490858078,-0.5180813670158386
-0.5190231800079346,-0.5810032486915588,-0.5807939767837524,-0.5185457468032837
-0.519542932510376,-0.5812163949012756,-0.5811941623687744,-0.5192950963973999
-0.5163935422897339,-0.5789940357208252,-0.5777184367179871,-0.511864185333252
-0.49272045493125916,-0.5075647830963135,-0.19400642812252045,-0.22874538600444794
-0.5188412666320801,-0.5807716846466064,-0.5791675448417664,-0.5117357969284058
-0.5194827318191528,-0.5812956094741821,-0.5812692046165466,-0.5193617343902588
-0.5194573402404785,-0.5811273455619812,-0.5812544822692871,-0.5195062160491943
-0.5192297697067261,-0.5806930661201477,-0.580687403678894,-0.5182957649230957
-0.5176730751991272,-0.5803518891334534,-0.579041600227356,-0.5133606791496277
-0.5166810750961304,-0.577232837677002,-0.5798518657684326,-0.5172817707061768
-0.5195837616920471,-0.5812869071960449,-0.5812664031982422,-0.519511878490448
-0.5068784356117249,-0.5715708136558533,-0.5789234638214111,-0.51863694190979
-0.5193178057670593,-0.5811541080474854,-0.5812010765075684,-0.5194161534309387
-0.5139179825782776,-0.5806141495704651,-0.5810407996177673,-0.5176807045936584
-0.5196234583854675,-0.5812598466873169,-0.5812205672264099,-0.5193604230880737
-0.5192505717277527,-0.580786406993866,-0.5810576677322388,-0.5192067623138428
-0.5082448720932007,-0.5719088315963745,-0.5070245862007141,-0.5084754824638367
-0.5193469524383545,-0.5812283158302307,-0.581240713596344,-0.519220232963562
-0.5187433958053589,-0.5806916356086731,-0.5792591571807861,-0.517627477645874
-0.516634464263916,-0.5792990922927856,-0.5776168704032898,-0.5157462358474731
-0.5193969011306763,-0.5812003016471863,-0.5811562538146973,-0.5190573334693909
-0.5191490054130554,-0.5810449719429016,-0.5808970928192139,-0.5183924436569214
-0.5183253288269043,-0.5810560584068298,-0.5811256170272827,-0.5189161896705627
-0.5192686915397644,-0.5812437534332275,-0.5812044143676758,-0.5193071365356445
-0.5136878490447998,-0.5771586298942566,-0.5749256610870361,-0.5149425864219666
-0.5148871541023254,-0.580760657787323,-0.5810476541519165,-0.5186858773231506
-0.5163541436195374,-0.5363298058509827,-0.561757504940033,-0.5135158896446228
-0.4963875412940979,-0.5757721662521362,-0.5799268484115601,-0.5193368196487427
-0.4908754527568817,-0.5785321593284607,-0.580434262752533,-0.5170612931251526
-0.5189293026924133,-0.5806057453155518,-0.5803033709526062,-0.5186302661895752
-0.48982810974121094,-0.5735143423080444,-0.5596763491630554,-0.5117736458778381
-0.518485426902771,-0.5796278715133667,-0.5783771872520447,-0.5029780268669128
-0.5193067193031311,-0.5811243057250977,-0.581065833568573,-0.5193346738815308
-0.5195316076278687,-0.5812907218933105,-0.5812094211578369,-0.5185614824295044
-0.4685104191303253,-0.5450174808502197,-0.46353986859321594,-0.10627692192792892
-0.518944501876831,-0.5811412334442139,-0.5810896158218384,-0.5190392732620239
-0.5105690956115723,-0.5461963415145874,-0.40294551849365234,-0.1305861920118332
-0.5185626149177551,-0.5806283950805664,-0.58079993724823,-0.5190948247909546
-0.5191835761070251,-0.5810937285423279,-0.5811971426010132,-0.5195812582969666
-0.5186994075775146,-0.5808936357498169,-0.5809348821640015,-0.5186429023742676
-0.5192294120788574,-0.5812262296676636,-0.5812039375305176,-0.5192691683769226
-0.5195165872573853,-0.5812421441078186,-0.581193745136261,-0.5191545486450195
-0.5191458463668823,-0.5797885656356812,-0.5737248659133911,-0.47288957238197327
-0.5194605588912964,-0.5812606811523438,-0.5812141299247742,-0.5192427635192871
-0.519418478012085,-0.5811852812767029,-0.5810829997062683,-0.518273115158081
-0.5192351937294006,-0.5807521939277649,-0.5785629749298096,-0.511829137802124
-0.5103612542152405,-0.5792043209075928,-0.5748989582061768,-0.47525718808174133
-0.5192734003067017,-0.5811508893966675,-0.5811486840248108,-0.5192549228668213
-0.5190652012825012,-0.5810304880142212,-0.580931544303894,-0.5186653733253479
-0.518468976020813,-0.577498733997345,-0.5572237372398376,-0.47878697514533997
-0.16983377933502197,-0.4179936945438385,-0.520447850227356,-0.5114301443099976
-0.5186164379119873,-0.5808930397033691,-0.5809907913208008,-0.5188214182853699
-0.519182026386261,-0.5810877084732056,-0.5809648036956787,-0.5184945464134216
-0.4994696378707886,-0.503899097442627,-0.5738446712493896,-0.5182104110717773
-0.5194818377494812,-0.5812857747077942,-0.581289529800415,-0.5194966197013855
-0.517172634601593,-0.5796924233436584,-0.5797224640846252,-0.5163702368736267
-0.5185668468475342,-0.5773410201072693,-0.553108274936676,-0.47406265139579773
-0.5191968083381653,-0.5811518430709839,-0.5811440944671631,-0.5190669894218445
-0.5195263624191284,-0.5812658667564392,-0.5811980366706848,-0.5193024277687073
-0.5195380449295044,-0.5811895728111267,-0.5812098979949951,-0.5193403959274292
-0.5124145150184631,-0.5790172219276428,-0.5808479189872742,-0.5191482305526733
-0.5195114612579346,-0.581248939037323,-0.5812610387802124,-0.5195814371109009
-0.5194895267486572,-0.5812682509422302,-0.5812854766845703,-0.5193520784378052
-0.5195120573043823,-0.5811635255813599,-0.5812332034111023,-0.5195918083190918
-0.5195015668869019,-0.5807934999465942,-0.5810024738311768,-0.518951416015625
-0.5194611549377441,-0.5812462568283081,-0.5812492966651917,-0.5193423628807068
-0.5188252925872803,-0.5809618234634399,-0.580998957157135,-0.5176728963851929
-0.5179688334465027,-0.5774645209312439,-0.5645648837089539,-0.4979209303855896
-0.5192991495132446,-0.5811457633972168,-0.5812129974365234,-0.5195493698120117
-0.5019667148590088,-0.5637807250022888,-0.49905434250831604,-0.14001156389713287
-0.5181811451911926,-0.5799282193183899,-0.5807483196258545,-0.5186933279037476
-0.5193666219711304,-0.5812263488769531,-0.5812614560127258,-0.5196505784988403
-0.519528865814209,-0.5810288190841675,-0.580507755279541,-0.5197505354881287
-0.5183866024017334,-0.5762870907783508,-0.5784841775894165,-0.519412636756897
-0.5194385051727295,-0.581267774105072,-0.5812567472457886,-0.5194177031517029
-0.5193402767181396,-0.5810655355453491,-0.581174373626709,-0.5188844203948975
-0.5194823145866394,-0.5812196135520935,-0.5812270641326904,-0.5193191766738892
-0.519385039806366,-0.5811885595321655,-0.5811883211135864,-0.5190954208374023
-0.5193856954574585,-0.5810794234275818,-0.5808893442153931,-0.5180363655090332
-0.5186711549758911,-0.5789445638656616,-0.5786789059638977,-0.5165231823921204
-0.5194494128227234,-0.5811889171600342,-0.581152617931366,-0.5190705060958862
-0.5121089816093445,-0.5798205137252808,-0.5777987241744995,-0.5166317820549011
-0.5189793705940247,-0.5810021162033081,-0.5807201862335205,-0.5158455967903137
-0.51250159740448,-0.5806280970573425,-0.5811911225318909,-0.5193217396736145
-0.5162210464477539,-0.5712575912475586,-0.5746333599090576,-0.48945215344429016
-0.5149989724159241,-0.5781221389770508,-0.5780887603759766,-0.5126262307167053
-0.5193961262702942,-0.5811794400215149,-0.5811457633972168,-0.5192558765411377
-0.51182621717453,-0.575376570224762,-0.5800409317016602,-0.5164192914962769
-0.519359290599823,-0.5811635255813599,-0.5811955332756042,-0.519275963306427
-0.5194424390792847,-0.5812895894050598,-0.5812336206436157,-0.5194494724273682
-0.5183993577957153,-0.5802422165870667,-0.5795776844024658,-0.5149561166763306
-0.519115149974823,-0.581116795539856,-0.5811144113540649,-0.5186247825622559
-0.51275634765625,-0.5795125365257263,-0.5724475383758545,-0.5038087368011475
-0.5195720195770264,-0.5813009738922119,-0.581250011920929,-0.5193946361541748
-0.5191554427146912,-0.5806152820587158,-0.5809431672096252,-0.5188267230987549
-0.5193718075752258,-0.5812161564826965,-0.5812827944755554,-0.51973557472229
-0.5194365978240967,-0.58089280128479,-0.5809135437011719,-0.518882691860199
-0.5192118287086487,-0.580783486366272,-0.5807881951332092,-0.5184942483901978
-0.5191814303398132,-0.5804216861724854,-0.5800886750221252,-0.5127806663513184
-0.5191006064414978,-0.5797909498214722,-0.5758330225944519,-0.49298903346061707
-0.5184062123298645,-0.5797968506813049,-0.579502522945404,-0.5191826224327087
-0.5191829204559326,-0.5808947086334229,-0.5811172127723694,-0.5192005038261414
-0.5194602012634277,-0.5812379121780396,-0.5812345147132874,-0.5196219682693481
-0.5192990303039551,-0.5811912417411804,-0.5811468362808228,-0.5188063979148865
-0.5193859338760376,-0.5805394053459167,-0.576919436454773,-0.5112981796264648
-0.5175618529319763,-0.5806659460067749,-0.5808396935462952,-0.5193037390708923
-0.5191171765327454,-0.5811223983764648,-0.5811275839805603,-0.5191253423690796
-0.5180324912071228,-0.580763578414917,-0.580870509147644,-0.5187951326370239
-0.5195755362510681,-0.5808242559432983,-0.5795708298683167,-0.5056014060974121
-0.5152965188026428,-0.5725816488265991,-0.5357288718223572,-0.2599285840988159
-0.5191261172294617,-0.5810803771018982,-0.5808679461479187,-0.5182746052742004
-0.5189582705497742,-0.5775153040885925,-0.5702028870582581,-0.5058816075325012
-0.5191651582717896,-0.580217182636261,-0.5762826204299927,-0.5002325177192688
-0.45274513959884644,-0.5683203339576721,-0.5792151689529419,-0.5161124467849731
-0.5019298195838928,-0.5773643255233765,-0.5777218341827393,-0.5121111273765564
-0.5077929496765137,-0.576927900314331,-0.5807533264160156,-0.5196540355682373
-0.5146344900131226,-0.5775891542434692,-0.5774779319763184,-0.5118569135665894
-0.5191944241523743,-0.5811367630958557,-0.5811604261398315,-0.5195146799087524
-0.5195249319076538,-0.5810990333557129,-0.5809670090675354,-0.5189457535743713
-0.5129958987236023,-0.5798699855804443,-0.560772716999054,-0.5100004076957703
-0.506425142288208,-0.5797504782676697,-0.5805439949035645,-0.5181642174720764
-0.4788072407245636,-0.5619165897369385,-0.5781676173210144,-0.5154871344566345
-0.5190697908401489,-0.5809034705162048,-0.581093430519104,-0.518821656703949
-0.5190178155899048,-0.5806355476379395,-0.5786129236221313,-0.5119239091873169
-0.3803795278072357,-0.5344325304031372,-0.5758463144302368,-0.5181877613067627
-0.518394947052002,-0.5808880925178528,-0.5809998512268066,-0.5183959007263184
-0.5130839347839355,-0.5804497003555298,-0.580841064453125,-0.519483208656311
-0.11245394498109818,-0.24296507239341736,-0.47436773777008057,-0.5076556205749512
-0.5196497440338135,-0.581257164478302,-0.5812419652938843,-0.5195540189743042
-0.5147206783294678,-0.5776153206825256,-0.5774823427200317,-0.5118576288223267
-0.5195162892341614,-0.581260621547699,-0.5812287330627441,-0.5191817879676819
-0.5195479989051819,-0.5812885165214539,-0.5812675356864929,-0.5196634531021118
-0.5194903612136841,-0.5812738537788391,-0.5812534093856812,-0.5194092988967896
-0.5195363163948059,-0.5812639594078064,-0.5812475085258484,-0.5192050933837891
-0.4445973038673401,-0.33190375566482544,-0.052064791321754456,-0.07162037491798401
-0.5194719433784485,-0.5812103748321533,-0.5806921720504761,-0.5187801718711853
-0.5184763073921204,-0.5801975727081299,-0.579086422920227,-0.5044984817504883
-0.5196080207824707,-0.5812864899635315,-0.5811707973480225,-0.5191704034805298
-0.5188803672790527,-0.5806071758270264,-0.580166757106781,-0.5192776322364807
-0.4922870695590973,-0.4445788860321045,-0.09648735076189041,-0.07280328869819641
-0.519432544708252,-0.5812038779258728,-0.581105649471283,-0.5191913843154907
-0.5194759368896484,-0.5810517072677612,-0.5810527801513672,-0.5193969011306763
-0.5187842845916748,-0.5810433030128479,-0.5810883641242981,-0.5190593004226685
-0.4874338209629059,-0.5354660749435425,-0.5781799554824829,-0.5186753273010254
-0.45647338032722473,-0.5734172463417053,-0.5798245668411255,-0.5188307166099548
-0.5158690810203552,-0.5797431468963623,-0.5803305506706238,-0.5183295607566833
-0.5190402269363403,-0.5806838870048523,-0.5808781981468201,-0.5191090106964111
-0.5145342350006104,-0.5797637104988098,-0.5807929635047913,-0.518750011920929
-0.5194572806358337,-0.5812352895736694,-0.5811925530433655,-0.5189042091369629
-0.5146357417106628,-0.5795490741729736,-0.5769462585449219,-0.48040881752967834
-0.5167131423950195,-0.5792104601860046,-0.579339861869812,-0.5159333944320679
-0.39608901739120483,-0.5353908538818359,-0.5465964078903198,-0.5002272129058838
-0.5164875984191895,-0.5712733268737793,-0.5485485196113586,-0.35702088475227356
-0.5194247364997864,-0.5809016823768616,-0.58107590675354,-0.5189821720123291
-0.5194540619850159,-0.5812811851501465,-0.581279993057251,-0.5194448232650757
-0.5193201899528503,-0.5810011625289917,-0.5811545252799988,-0.5192119479179382
-0.5193220973014832,-0.5811845660209656,-0.5811848044395447,-0.5194283723831177
-0.5195438861846924,-0.5812971591949463,-0.5812852382659912,-0.519417405128479
-0.5181297063827515,-0.5807768106460571,-0.5807812213897705,-0.5186982750892639
-0.5196027755737305,-0.580886960029602,-0.5793108940124512,-0.5189777612686157
-0.5187199115753174,-0.5808532238006592,-0.5805572271347046,-0.5180275440216064
-0.5191470980644226,-0.5810747146606445,-0.5810345411300659,-0.51882404088974
-0.5176950693130493,-0.5805038809776306,-0.5802168250083923,-0.5131126642227173
-0.5195086598396301,-0.581240713596344,-0.5810986161231995,-0.5183995366096497
-0.5195677876472473,-0.5812881588935852,-0.5812604427337646,-0.5194215178489685
-0.5146344900131226,-0.5775891542434692,-0.5774779319763184,-0.5118569135665894
-0.5195232629776001,-0.5812655687332153,-0.5812978148460388,-0.519551157951355
-0.5150952935218811,-0.5795602202415466,-0.5787720680236816,-0.5119071006774902
-0.5178177356719971,-0.5757191181182861,-0.529506266117096,-0.5159256458282471
-0.5125623941421509,-0.553652822971344,-0.5486663579940796,-0.48878711462020874
-0.5175769329071045,-0.5800433158874512,-0.5807796120643616,-0.5190189480781555
-0.5193343162536621,-0.5810750126838684,-0.5811259150505066,-0.5189615488052368
-0.5166667103767395,-0.5721931457519531,-0.5797441601753235,-0.5194987654685974
-0.5192499160766602,-0.5810621976852417,-0.5810140371322632,-0.5187036395072937
-0.5195914506912231,-0.5811262726783752,-0.5808849334716797,-0.5185719728469849
-0.518310010433197,-0.5804584622383118,-0.5803021192550659,-0.5178632140159607
-0.5186824202537537,-0.581036388874054,-0.5808858871459961,-0.5182999968528748
-0.5101246237754822,-0.5783599615097046,-0.5785912275314331,-0.5131136178970337
-0.5142490863800049,-0.5798084735870361,-0.5649989247322083,-0.517514705657959
-0.5099205374717712,-0.5571418404579163,-0.5765979886054993,-0.5189980268478394
-0.5195695757865906,-0.5812758207321167,-0.5813208222389221,-0.5196537375450134
-0.5194608569145203,-0.5811794996261597,-0.5812227129936218,-0.5193297863006592
-0.5195095539093018,-0.5810922980308533,-0.5812031626701355,-0.5197269320487976
-0.5142870545387268,-0.5779428482055664,-0.5766045451164246,-0.5187427401542664
-0.5000869035720825,-0.5176141262054443,-0.35376572608947754,-0.3325906991958618
-0.5192462205886841,-0.5810782313346863,-0.581165075302124,-0.5193144083023071
-0.5174729228019714,-0.5794291496276855,-0.5728681087493896,-0.519655704498291
-0.5175940990447998,-0.5807397961616516,-0.5805056095123291,-0.5164580941200256
-0.5077280402183533,-0.559390127658844,-0.5224913358688354,-0.5082483291625977
-0.5192847847938538,-0.581132173538208,-0.581043004989624,-0.5190730094909668
-0.5192275643348694,-0.5811700820922852,-0.5811837315559387,-0.5193430781364441
-0.5188554525375366,-0.580852210521698,-0.579976499080658,-0.5186089277267456
-0.5164288878440857,-0.5790075659751892,-0.5790838003158569,-0.5146752595901489
-0.5195027589797974,-0.5812745094299316,-0.581254780292511,-0.5192633867263794
-0.5170936584472656,-0.5762166380882263,-0.5768530368804932,-0.518566370010376
-0.5196154713630676,-0.5811720490455627,-0.5811457633972168,-0.5192704796791077
-0.5184616446495056,-0.5806434750556946,-0.5804221034049988,-0.5152947902679443
-0.5193804502487183,-0.5812560319900513,-0.5812295079231262,-0.5194011926651001
-0.5194299221038818,-0.5810840725898743,-0.5811110734939575,-0.5190780758857727
-0.5193438529968262,-0.581206738948822,-0.5812227725982666,-0.5193604230880737
-0.511853814125061,-0.5663686990737915,-0.5775076746940613,-0.5163574814796448
-0.5193498134613037,-0.5812074542045593,-0.5811615586280823,-0.5190895199775696
-0.5191800594329834,-0.5811426043510437,-0.5810009241104126,-0.5186864733695984
-0.519462525844574,-0.5812159776687622,-0.5811994075775146,-0.5193232893943787
-0.519553005695343,-0.5812671780586243,-0.5811682343482971,-0.5190266370773315
-0.50506591796875,-0.5782700777053833,-0.5764782428741455,-0.5178003907203674
-0.5191864967346191,-0.5798972845077515,-0.5715792775154114,-0.4900638163089752
-0.5148272514343262,-0.580083429813385,-0.5807623863220215,-0.5190434455871582
-0.5178811550140381,-0.5804877877235413,-0.5809701085090637,-0.5190023183822632
-0.5191475749015808,-0.5810718536376953,-0.5809739232063293,-0.5184054374694824
-0.5194395780563354,-0.5812157392501831,-0.5812691450119019,-0.5193808078765869
-0.5175283551216125,-0.5799996852874756,-0.5803071856498718,-0.5176630020141602
-0.5192940831184387,-0.5810381174087524,-0.5806440711021423,-0.5195057392120361
-0.5185730457305908,-0.5807629823684692,-0.5809782147407532,-0.5193039774894714
-0.5194540619850159,-0.5812764763832092,-0.5812803506851196,-0.5194692611694336
-0.5195202231407166,-0.581235945224762,-0.5812001824378967,-0.5190962553024292
-0.5171566605567932,-0.5800225138664246,-0.5798031091690063,-0.5162703990936279
-0.5047265291213989,-0.5793753862380981,-0.578838586807251,-0.5068618059158325
-0.5192750096321106,-0.5810511112213135,-0.5809013843536377,-0.5188024640083313
-0.5192219614982605,-0.5810565948486328,-0.5808814167976379,-0.5185641050338745
-0.5147697329521179,-0.5794958472251892,-0.5802648067474365,-0.5194291472434998
-0.5173764824867249,-0.5786427855491638,-0.5802862644195557,-0.5186153650283813
-0.5099799633026123,-0.5515021681785583,-0.5766801238059998,-0.5180931091308594
-0.5193963050842285,-0.5810927748680115,-0.5811442136764526,-0.5195947885513306
-0.519504189491272,-0.5812176465988159,-0.5812095999717712,-0.5193865895271301
-0.519185483455658,-0.5797397494316101,-0.5572050213813782,-0.49572116136550903
-0.5104249119758606,-0.5793762803077698,-0.5808207988739014,-0.5189305543899536
-0.46878400444984436,-0.5415872931480408,-0.4206788241863251,-0.07426588237285614
-0.519085168838501,-0.5811812281608582,-0.5811506509780884,-0.5190858840942383
-0.5191713571548462,-0.5811288356781006,-0.5811075568199158,-0.5189782381057739
-0.5195581912994385,-0.5812897086143494,-0.5812206864356995,-0.519207239151001
-0.5163731575012207,-0.5700986385345459,-0.5231892466545105,-0.20317593216896057
-0.5147530436515808,-0.5803009867668152,-0.5804241895675659,-0.5177807211875916
-0.5148814916610718,-0.5597174763679504,-0.46945637464523315,-0.09804293513298035
-0.5180198550224304,-0.580307126045227,-0.5805357098579407,-0.5180620551109314
-0.5189040303230286,-0.5807201862335205,-0.580894947052002,-0.518437922000885
-0.5129038095474243,-0.5802296996116638,-0.579810619354248,-0.5106249451637268
-0.519501805305481,-0.581207811832428,-0.5812033414840698,-0.519436240196228
-0.5191436409950256,-0.5810232162475586,-0.5811673998832703,-0.5192848443984985
-0.5195222496986389,-0.5811375975608826,-0.580528736114502,-0.5122019648551941
-0.5183191895484924,-0.5794748663902283,-0.5785985589027405,-0.5186408758163452
-0.5193256139755249,-0.5811855792999268,-0.5811111330986023,-0.5189630389213562
-0.5191478729248047,-0.5809031128883362,-0.5812267065048218,-0.5196298956871033
-0.5194164514541626,-0.581223726272583,-0.5812340974807739,-0.5196395516395569
-0.5187305212020874,-0.5811934471130371,-0.5812015533447266,-0.5194202661514282
-0.5163564682006836,-0.5689760446548462,-0.5211023688316345,-0.5045936703681946
-0.5165841579437256,-0.5787577033042908,-0.578029215335846,-0.5123133659362793
-0.5156648755073547,-0.5764205455780029,-0.5774999856948853,-0.4965348541736603
-0.5131348371505737,-0.5785039663314819,-0.580433189868927,-0.5179849863052368
-0.5193653702735901,-0.5811448693275452,-0.5811326503753662,-0.5191974639892578
-0.5193853378295898,-0.5810893177986145,-0.58113694190979,-0.5189758539199829
-0.5194888114929199,-0.5806331634521484,-0.5782569050788879,-0.49873992800712585
-0.5195828676223755,-0.5812802314758301,-0.5812721252441406,-0.519418478012085
-0.5105676651000977,-0.5712829232215881,-0.5803650617599487,-0.5192423462867737
-0.5195560455322266,-0.5812713503837585,-0.5811499357223511,-0.5190027356147766
-0.5194693207740784,-0.581216037273407,-0.5812187790870667,-0.5193021297454834
-0.5178267359733582,-0.5779954195022583,-0.5656365156173706,-0.49038341641426086
-0.5189798474311829,-0.5808165669441223,-0.5809356570243835,-0.5186945199966431
-0.5194279551506042,-0.5812686681747437,-0.5812459588050842,-0.5193395018577576
-0.5149953365325928,-0.5779992341995239,-0.5783230662345886,-0.5192122459411621
-0.519535481929779,-0.5811134576797485,-0.5808627009391785,-0.5161775350570679
-0.5193609595298767,-0.5811898112297058,-0.5811731219291687,-0.5193125009536743
-0.5189259052276611,-0.5808436274528503,-0.5803655982017517,-0.5187551975250244
-0.5193989276885986,-0.5811747312545776,-0.5812119841575623,-0.5194465517997742
-0.3492158353328705,-0.37708449363708496,-0.4725860059261322,-0.4840009808540344
-0.5195217728614807,-0.5812005996704102,-0.5812847018241882,-0.5195713639259338
-0.5195304751396179,-0.581062912940979,-0.581139087677002,-0.5194258689880371
-0.48963555693626404,-0.5768908858299255,-0.5801018476486206,-0.518897294998169
-0.5096108913421631,-0.5787345170974731,-0.5775904655456543,-0.4942362308502197
-0.5174964666366577,-0.5810984373092651,-0.5812305212020874,-0.5190712213516235
-0.5148096084594727,-0.5781853199005127,-0.5780728459358215,-0.5122010707855225
-0.5196353793144226,-0.5810312032699585,-0.5812050700187683,-0.5190073251724243
-0.5165063738822937,-0.5602860450744629,-0.5647097229957581,-0.5121299028396606
-0.5195302963256836,-0.5810744762420654,-0.5811189413070679,-0.5191663503646851
-0.5194471478462219,-0.5812659859657288,-0.5812162756919861,-0.5194690227508545
-0.517764151096344,-0.5799804925918579,-0.5798673629760742,-0.5142000913619995
-0.4997788965702057,-0.48974549770355225,-0.18521735072135925,-0.13306085765361786
-0.519467294216156,-0.5812664031982422,-0.5812820196151733,-0.5192921161651611
-0.5192827582359314,-0.5812416076660156,-0.5812398791313171,-0.5193069577217102
-0.5190129280090332,-0.581112265586853,-0.5809637308120728,-0.5186383724212646
-0.5146868824958801,-0.5795446634292603,-0.5787506103515625,-0.4993051588535309
-0.519421398639679,-0.5812342166900635,-0.5811941623687744,-0.5194905996322632
-0.5166923999786377,-0.5706351399421692,-0.5674602389335632,-0.4571184515953064
-0.5171762704849243,-0.5711040496826172,-0.553558886051178,-0.45753517746925354
-0.5146344900131226,-0.5775891542434692,-0.5774779319763184,-0.5118569135665894
-0.5194585919380188,-0.5812426805496216,-0.5812007188796997,-0.5191746354103088
-0.5195286870002747,-0.5812766551971436,-0.5812103152275085,-0.5194787383079529
-0.5168429017066956,-0.579283595085144,-0.5786663293838501,-0.5148648619651794
-0.51922607421875,-0.5812067985534668,-0.5812790989875793,-0.5195381045341492
-0.519369900226593,-0.5811240077018738,-0.5811898708343506,-0.519117534160614
-0.5184547901153564,-0.5809690356254578,-0.5810131430625916,-0.5189569592475891
-0.5140197277069092,-0.5797513723373413,-0.5798147916793823,-0.5117206573486328
-0.5177584886550903,-0.5806910395622253,-0.580994725227356,-0.5189855694770813
-0.46745505928993225,-0.5740072131156921,-0.5788458585739136,-0.5115436315536499
-0.5148406028747559,-0.5781109929084778,-0.5778557062149048,-0.5125738978385925
-0.5166431069374084,-0.5744144320487976,-0.5487629175186157,-0.32120147347450256
-0.5115026235580444,-0.5659705996513367,-0.5670680999755859,-0.5134591460227966
-0.5194809436798096,-0.5809977650642395,-0.5807603001594543,-0.5193777680397034
-0.28121334314346313,-0.466570645570755,-0.5677022933959961,-0.5143944025039673
-0.5098052620887756,-0.5751070976257324,-0.5795217752456665,-0.5133323669433594
-0.5194244384765625,-0.5804766416549683,-0.5790538787841797,-0.5186544060707092
-0.5175761580467224,-0.5807192921638489,-0.5800106525421143,-0.5169531106948853
-0.5118936896324158,-0.5743221044540405,-0.5773996114730835,-0.5192546844482422
-0.518257737159729,-0.5763342976570129,-0.5782368183135986,-0.5177489519119263
-0.5193941593170166,-0.581264853477478,-0.5812339782714844,-0.5193344354629517
-0.5196288228034973,-0.5810843110084534,-0.5811870694160461,-0.5196039080619812
-0.5195962190628052,-0.5811590552330017,-0.5812157392501831,-0.5193054676055908
-0.5195508003234863,-0.5812149047851562,-0.5811917185783386,-0.5193294882774353
-0.5147021412849426,-0.5775187015533447,-0.5784762501716614,-0.5170812010765076
-0.519400954246521,-0.5806837677955627,-0.5775870680809021,-0.5116052031517029
-0.5188886523246765,-0.5803072452545166,-0.5803524255752563,-0.5187385082244873
-0.518559992313385,-0.5805934071540833,-0.581052303314209,-0.5194575786590576
-0.5193654894828796,-0.5811209678649902,-0.5809770822525024,-0.5188237428665161
-0.5194571614265442,-0.5811849236488342,-0.5811547636985779,-0.5192785263061523
-0.5191510319709778,-0.5800461769104004,-0.5587381720542908,-0.5103315114974976
-0.5163255333900452,-0.5663650035858154,-0.3802323043346405,-0.4190410375595093
-0.51949542760849,-0.5809834003448486,-0.5797898173332214,-0.513715386390686
-0.5196068286895752,-0.5811604261398315,-0.5811917781829834,-0.519267737865448
-0.5180503129959106,-0.5792657136917114,-0.5801293849945068,-0.5191727876663208
-0.5192719101905823,-0.5800372362136841,-0.5794647336006165,-0.5136555433273315
-0.5194087624549866,-0.5812287330627441,-0.58122718334198,-0.5193773508071899
-0.5168554782867432,-0.5781703591346741,-0.5805320739746094,-0.5186152458190918
-0.4730496108531952,-0.5616796612739563,-0.5786956548690796,-0.5192351937294006
-0.4372730851173401,-0.5710846185684204,-0.5636574625968933,-0.5149865746498108
-0.5176588296890259,-0.5800250768661499,-0.5794506669044495,-0.5152170658111572
-0.5183391571044922,-0.5810181498527527,-0.5812545418739319,-0.5195268988609314
-0.5096479654312134,-0.5715570449829102,-0.5789986252784729,-0.5192809104919434
-0.5135047435760498,-0.5807548761367798,-0.5811158418655396,-0.5191417336463928
-0.518461287021637,-0.5793488621711731,-0.5765068531036377,-0.5193958282470703
-0.5193362236022949,-0.5811375379562378,-0.5810301303863525,-0.5194954872131348
-0.5091086626052856,-0.5700461268424988,-0.5728620886802673,-0.5169157981872559
-0.5148191452026367,-0.5704968571662903,-0.5792657732963562,-0.5172876119613647
-0.5118287801742554,-0.5330020189285278,-0.4338967800140381,-0.14058582484722137
-0.5195097327232361,-0.5807198286056519,-0.5756556391716003,-0.5164334177970886
-0.519302487373352,-0.5811758637428284,-0.5810441970825195,-0.5186936259269714
-0.519477903842926,-0.5812457203865051,-0.5811876654624939,-0.5191349983215332
-0.5186945199966431,-0.5810443162918091,-0.581169605255127,-0.5190412998199463
-0.519573450088501,-0.5812810659408569,-0.5812938213348389,-0.5192735195159912
-0.5195982456207275,-0.5811944603919983,-0.5811178684234619,-0.5191672444343567
-0.519416332244873,-0.5809520483016968,-0.5808700323104858,-0.5184693932533264
-0.5190873742103577,-0.581059455871582,-0.5804392695426941,-0.5188903212547302
-0.5190455317497253,-0.5811342000961304,-0.5811936855316162,-0.5191516280174255
-0.5194374918937683,-0.5812234282493591,-0.5812098979949951,-0.5192010998725891
-0.5188978910446167,-0.5806914567947388,-0.5811748504638672,-0.5193905830383301
-0.5079293847084045,-0.5761654376983643,-0.5752502679824829,-0.5047225952148438
-0.5193961262702942,-0.5812174677848816,-0.5811513066291809,-0.5192083120346069
-0.5186046957969666,-0.5800089240074158,-0.5754235982894897,-0.46332600712776184
-0.5004385709762573,-0.5663164854049683,-0.5729163885116577,-0.5173171162605286
-0.49460145831108093,-0.464157372713089,-0.12159460783004761,-0.23155176639556885
-0.5184029936790466,-0.5805762410163879,-0.580491840839386,-0.5174863934516907
-0.5146344900131226,-0.5775891542434692,-0.5774779319763184,-0.5118569135665894
-0.519493579864502,-0.5812541842460632,-0.5812168717384338,-0.5192987322807312
-0.48706620931625366,-0.577431321144104,-0.5796913504600525,-0.5165743827819824
-0.5194240212440491,-0.5812751650810242,-0.5812721252441406,-0.5191521048545837
-0.5195374488830566,-0.5812673568725586,-0.5812541246414185,-0.5195378065109253
-0.5190857648849487,-0.5809201002120972,-0.5806938409805298,-0.516573965549469
-0.5188867449760437,-0.5810046195983887,-0.5808537602424622,-0.518596887588501
-0.5190563797950745,-0.5811184644699097,-0.5811067819595337,-0.5187605023384094
-0.519311785697937,-0.5812014937400818,-0.581192672252655,-0.5188413858413696
-0.5040492415428162,-0.5796686410903931,-0.5808478593826294,-0.5188351273536682
-0.5195052623748779,-0.5808468461036682,-0.5804137587547302,-0.5151474475860596
-0.5195329785346985,-0.5812577605247498,-0.5812116861343384,-0.519222617149353
-0.5195426344871521,-0.5812954902648926,-0.5812631845474243,-0.519390344619751
-0.514380693435669,-0.5773619413375854,-0.5787193179130554,-0.518014669418335
-0.5194017291069031,-0.5811489820480347,-0.581139862537384,-0.519025981426239
-0.5195968151092529,-0.5812963843345642,-0.5812838077545166,-0.519493818283081
-0.4506623446941376,-0.5760784149169922,-0.5801023840904236,-0.5186740159988403
-0.519494354724884,-0.58115553855896,-0.5812536478042603,-0.5194315910339355
-0.5195635557174683,-0.5811372399330139,-0.5811571478843689,-0.5191645622253418
-0.4903295636177063,-0.46303534507751465,-0.1479760706424713,-0.09392727166414261
-0.5192087292671204,-0.5812393426895142,-0.5812347531318665,-0.5195233821868896
-0.519559919834137,-0.5812325477600098,-0.5812039375305176,-0.5193747282028198
-0.5167936682701111,-0.5799241065979004,-0.5796781182289124,-0.5152614712715149
-0.5168874859809875,-0.5791574716567993,-0.5806573629379272,-0.519768238067627
-0.517079770565033,-0.5799309611320496,-0.5732694268226624,-0.5094998478889465
-0.519329845905304,-0.5811996459960938,-0.5812346935272217,-0.5193719267845154
-0.5195676684379578,-0.580817699432373,-0.5806576013565063,-0.5195645689964294
-0.5177639722824097,-0.5780682563781738,-0.5785647630691528,-0.5128976106643677
-0.5192511081695557,-0.5811343193054199,-0.5811033844947815,-0.5194745063781738
-0.5193330645561218,-0.5811449289321899,-0.5811426639556885,-0.5191078782081604
-0.5194182395935059,-0.5812520384788513,-0.58125239610672,-0.5193201303482056
-0.5181790590286255,-0.5803213119506836,-0.5794180631637573,-0.5102836489677429
-0.5195343494415283,-0.581280529499054,-0.5812929272651672,-0.5194685459136963
-0.519361674785614,-0.5812228322029114,-0.5811402201652527,-0.5189869403839111
-0.5193513631820679,-0.581118643283844,-0.581153392791748,-0.5193362236022949
-0.5160559415817261,-0.5798347592353821,-0.5790771842002869,-0.5115196108818054
-0.5195684432983398,-0.5812740325927734,-0.5811697244644165,-0.5195209383964539
-0.43884357810020447,-0.5043659806251526,-0.5704377889633179,-0.5128998160362244
-0.491202175617218,-0.577190637588501,-0.5805234313011169,-0.5190180540084839
-0.5154854655265808,-0.5784407258033752,-0.576435923576355,-0.5024113059043884
-0.5186632871627808,-0.580711841583252,-0.5802450776100159,-0.5171327590942383
-0.519579291343689,-0.5809783339500427,-0.5810569524765015,-0.518886923789978
-0.5192402601242065,-0.5812069773674011,-0.5811529159545898,-0.5191676020622253
-0.5190721750259399,-0.5810326337814331,-0.5812067985534668,-0.5194924473762512
-0.5193049311637878,-0.581179678440094,-0.5811291933059692,-0.5193091034889221
-0.5190168619155884,-0.5809773206710815,-0.5809990167617798,-0.5188536643981934
-0.5191550254821777,-0.5810911655426025,-0.5811352133750916,-0.5193026065826416
-0.5190063118934631,-0.5806360244750977,-0.5800837874412537,-0.5147754549980164
-0.518503725528717,-0.580670177936554,-0.5804965496063232,-0.515536904335022
-0.5195238590240479,-0.5812028646469116,-0.5811413526535034,-0.5191594958305359
-0.4406263828277588,-0.26185342669487,-0.048683274537324905,-0.07062137871980667
-0.5046672821044922,-0.5791797637939453,-0.5808194875717163,-0.5189405083656311
-0.5194125175476074,-0.5811843872070312,-0.5809712409973145,-0.5191138386726379
-0.5174815654754639,-0.5769827961921692,-0.579473614692688,-0.5187473893165588
-0.5194497108459473,-0.5810595750808716,-0.5811605453491211,-0.5192269682884216
-0.5196145176887512,-0.5812293291091919,-0.5811219811439514,-0.5185167789459229
-0.5190938115119934,-0.5811078548431396,-0.5811461806297302,-0.519311785697937
-0.04326103627681732,-0.05617052689194679,-0.22544942796230316,-0.4668671190738678
-0.5135046243667603,-0.5804069638252258,-0.5804042816162109,-0.515940248966217
-0.5194929242134094,-0.5811640024185181,-0.5811548829078674,-0.5191107988357544
-0.5061565637588501,-0.5735118985176086,-0.5788871049880981,-0.5171077251434326
-0.5189683437347412,-0.5809600353240967,-0.5810681581497192,-0.5186803936958313
-0.5194242000579834,-0.5812472105026245,-0.5812491774559021,-0.5194624662399292
-0.5165643095970154,-0.5806919932365417,-0.5805655121803284,-0.5174043774604797
-0.5177690982818604,-0.5726936459541321,-0.5349397659301758,-0.24930521845817566
-0.5195498466491699,-0.5812739729881287,-0.5811607837677002,-0.5190650224685669
-0.5193774104118347,-0.5812028646469116,-0.5811564922332764,-0.5194841623306274
-0.5195361375808716,-0.5807962417602539,-0.5809465646743774,-0.5190884470939636
-0.5191594362258911,-0.5808954834938049,-0.5808934569358826,-0.5184430480003357
-0.5193418264389038,-0.5810617208480835,-0.5811483860015869,-0.519085168838501
-0.5195107460021973,-0.5811826586723328,-0.5812760591506958,-0.5195289850234985
-0.5159330368041992,-0.5762443542480469,-0.5797618627548218,-0.5172268152236938
-0.5171865224838257,-0.5776991248130798,-0.5789501070976257,-0.5192425847053528
-0.4159914553165436,-0.42243385314941406,-0.5318613648414612,-0.5022093057632446
-0.5098573565483093,-0.579203724861145,-0.5795159339904785,-0.5110072493553162
-0.5188523530960083,-0.5807284116744995,-0.578005313873291,-0.5192021131515503
-0.5188221335411072,-0.5810793042182922,-0.5811905860900879,-0.5193263292312622
-0.5195465683937073,-0.5812792181968689,-0.5812532901763916,-0.5194616317749023
-0.5184255242347717,-0.5808589458465576,-0.5809093713760376,-0.5193102955818176
-0.5186038017272949,-0.580344021320343,-0.5809451937675476,-0.5188138484954834
-0.5193698406219482,-0.5811588764190674,-0.5811678767204285,-0.5191722512245178
-0.5118000507354736,-0.5724940896034241,-0.437350869178772,-0.48808616399765015
-0.497327595949173,-0.48162055015563965,-0.16891658306121826,-0.11443312466144562
-0.5193750262260437,-0.5812647342681885,-0.5812146067619324,-0.5190976858139038
-0.5194188952445984,-0.5812037587165833,-0.5811892151832581,-0.519128143787384
-0.5191066265106201,-0.5805543661117554,-0.5801193714141846,-0.5194301009178162
-0.17683100700378418,-0.3554418385028839,-0.5528759956359863,-0.5144957900047302
-0.5165972709655762,-0.5778807997703552,-0.5741250514984131,-0.48289766907691956
-0.519320011138916,-0.5812305212020874,-0.5812500715255737,-0.5194871425628662
-0.5192763209342957,-0.5806633234024048,-0.5766730308532715,-0.516819417476654
-0.5068733096122742,-0.5792612433433533,-0.5795711874961853,-0.5196022987365723
-0.4928370714187622,-0.5742544531822205,-0.5745828151702881,-0.5148789882659912
-0.5137792825698853,-0.5798726081848145,-0.5698361396789551,-0.516187310218811
-0.5194857120513916,-0.5812265872955322,-0.5812585353851318,-0.5194953083992004
-0.5195060968399048,-0.5812664031982422,-0.5812152028083801,-0.5192772746086121
-0.5194249153137207,-0.5811285972595215,-0.5807924270629883,-0.5197834968566895
-0.5195618867874146,-0.5812629461288452,-0.5812411308288574,-0.5194215774536133
-0.5186805725097656,-0.5797883868217468,-0.5782204270362854,-0.5191066861152649
-0.5195834040641785,-0.581299364566803,-0.5812720656394958,-0.519370436668396
-0.5178894400596619,-0.579845130443573,-0.5789248943328857,-0.5142099857330322
-0.5175120830535889,-0.5810137987136841,-0.5810142159461975,-0.5195531249046326
-0.5195224285125732,-0.5812082290649414,-0.5812429189682007,-0.5194440484046936
-0.5193142890930176,-0.5812246203422546,-0.5811731219291687,-0.5193449854850769
-0.5127695202827454,-0.5794792175292969,-0.5643932819366455,-0.50328129529953
-0.5191450715065002,-0.5810751914978027,-0.5812448859214783,-0.51936274766922
-0.516028881072998,-0.5800800323486328,-0.5792880654335022,-0.5162675380706787
-0.5192548632621765,-0.5811979174613953,-0.5811862349510193,-0.5193145871162415
-0.5192638635635376,-0.5811680555343628,-0.5810071229934692,-0.5174791216850281
-0.5178698301315308,-0.567974865436554,-0.5771756172180176,-0.5187411904335022
-0.5193120241165161,-0.5811486840248108,-0.5811458826065063,-0.5191839933395386
-0.4960722029209137,-0.565473198890686,-0.5784793496131897,-0.5186993479728699
-0.519561231136322,-0.581292450428009,-0.5812437534332275,-0.5191771388053894
-0.30571165680885315,-0.524937629699707,-0.5695107579231262,-0.5180312395095825
-0.5171107649803162,-0.5752443671226501,-0.5793685913085938,-0.5160066485404968
-0.2987336218357086,-0.5376108288764954,-0.575634241104126,-0.5185083150863647
-0.5193450450897217,-0.5812162756919861,-0.5811862945556641,-0.5191893577575684
-0.5169368982315063,-0.5801442861557007,-0.580590546131134,-0.5186659097671509
-0.4778645634651184,-0.5751404762268066,-0.5799850225448608,-0.5175018310546875
-0.5171207189559937,-0.5806587338447571,-0.5797321200370789,-0.5089007019996643
-0.5194390416145325,-0.5812550783157349,-0.5812452435493469,-0.5194607973098755
-0.5148377418518066,-0.5548975467681885,-0.5792465209960938,-0.5187907218933105
-0.518028199672699,-0.5803074240684509,-0.5796065330505371,-0.5158745646476746
-0.5099000334739685,-0.5802019834518433,-0.5809921026229858,-0.5193559527397156
-0.519357442855835,-0.5810633301734924,-0.5810953378677368,-0.518822193145752
-0.5195488333702087,-0.5812694430351257,-0.5812305808067322,-0.519377589225769
-0.5181067585945129,-0.579562246799469,-0.5807560682296753,-0.5184943675994873
-0.519195556640625,-0.5812029838562012,-0.5812265276908875,-0.5192990899085999
-0.5192052125930786,-0.5807335376739502,-0.5804022550582886,-0.5166550874710083
-0.5191968083381653,-0.58104407787323,-0.5809788703918457,-0.5186084508895874
-0.5191972851753235,-0.5811391472816467,-0.5807573795318604,-0.517189621925354
-0.5195656418800354,-0.5812849998474121,-0.5812637805938721,-0.5194510221481323
-0.5185697078704834,-0.5808430314064026,-0.5810316801071167,-0.5193410515785217
-0.5179644823074341,-0.5801526308059692,-0.5773124694824219,-0.48252159357070923
-0.5068016052246094,-0.5216062664985657,-0.23411180078983307,-0.4505627751350403
-0.5182411670684814,-0.5784280300140381,-0.5668787956237793,-0.448818564414978
-0.5194918513298035,-0.5812104940414429,-0.5811654925346375,-0.5192548632621765
-0.5194268822669983,-0.5809328556060791,-0.5811823606491089,-0.5192575454711914
-0.5192790627479553,-0.5807058811187744,-0.5789399743080139,-0.5009384155273438
-0.47415798902511597,-0.4100400507450104,-0.08074726909399033,-0.07374902814626694
-0.5158437490463257,-0.5796501636505127,-0.5797006487846375,-0.5175243020057678
-0.4606523811817169,-0.3411905765533447,-0.05054581165313721,-0.06984483450651169
-0.5132259130477905,-0.5804129838943481,-0.58049076795578,-0.5191659927368164
-0.5190834999084473,-0.5800049304962158,-0.579580545425415,-0.5074154734611511
-0.511991024017334,-0.5076121091842651,-0.5573662519454956,-0.5002450942993164
-0.5087835192680359,-0.5800665020942688,-0.5810399055480957,-0.5194286108016968
-0.4004051983356476,-0.13301020860671997,-0.24081012606620789,-0.27159592509269714
-0.518667459487915,-0.5806705355644226,-0.5807109475135803,-0.5180078148841858
-0.5194881558418274,-0.5811550617218018,-0.5810730457305908,-0.5194177627563477
-0.49258723855018616,-0.5686767101287842,-0.5785765647888184,-0.5187262892723083
-0.5194785594940186,-0.5810643434524536,-0.5810539126396179,-0.5190864205360413
-0.45976129174232483,-0.3422991633415222,0.034245580434799194,-0.011075458489358425
-0.5094870328903198,-0.5717353820800781,-0.5329616665840149,-0.24654269218444824
-0.5189239382743835,-0.5810415148735046,-0.5808504223823547,-0.5163425803184509
-0.15086469054222107,-0.29539093375205994,-0.38404521346092224,-0.4157285988330841
-0.519471287727356,-0.5810551047325134,-0.5812270641326904,-0.5192680954933167
-0.5194632411003113,-0.5812137722969055,-0.5811938643455505,-0.5191165208816528
-0.5193735957145691,-0.5812197923660278,-0.5811554193496704,-0.5192100405693054
-0.5194711089134216,-0.5809149146080017,-0.5812326073646545,-0.5195432901382446
-0.5195091366767883,-0.5812507271766663,-0.581198513507843,-0.5193246603012085
-0.5162484645843506,-0.5753254294395447,-0.5614556670188904,-0.47912687063217163
-0.5182244181632996,-0.5748152136802673,-0.5456190705299377,-0.3848112225532532
-0.5195651650428772,-0.5808384418487549,-0.5809937715530396,-0.5186997056007385
-0.4997090697288513,-0.5784739255905151,-0.5788739323616028,-0.5141802430152893
-0.5175448656082153,-0.5791517496109009,-0.5788056254386902,-0.5148764252662659
-0.5192857980728149,-0.5810792446136475,-0.5808883905410767,-0.5191782116889954
-0.5133785605430603,-0.579581081867218,-0.5633789896965027,-0.5127332806587219
-0.5192005038261414,-0.5811160802841187,-0.5808696746826172,-0.5187186002731323
-0.5196091532707214,-0.5812636017799377,-0.5813047289848328,-0.519343912601471
-0.5191957950592041,-0.5812017917633057,-0.5812270045280457,-0.519336998462677
-0.5195176005363464,-0.5810034275054932,-0.5811448693275452,-0.5196547508239746
-0.518348753452301,-0.5735299587249756,-0.576306164264679,-0.5110830664634705
-0.5149406790733337,-0.5775083899497986,-0.5774717330932617,-0.5020565986633301
-0.5190895199775696,-0.5810188055038452,-0.5809688568115234,-0.518767774105072
-0.5187362432479858,-0.5803625583648682,-0.5771010518074036,-0.4869115352630615
-0.5192998051643372,-0.5812811255455017,-0.5812999606132507,-0.5196616649627686
-0.5174038410186768,-0.5802971124649048,-0.5780737400054932,-0.5002763271331787
-0.5179687142372131,-0.5748697519302368,-0.5805038809776306,-0.5187644362449646
-0.5070428252220154,-0.5758830308914185,-0.5801315903663635,-0.5185253620147705
-0.5145881175994873,-0.5808904767036438,-0.5812000632286072,-0.5195556282997131
-0.5191488265991211,-0.5811334848403931,-0.581132173538208,-0.5191048383712769
-0.5187946557998657,-0.5802657008171082,-0.5707309246063232,-0.5008405447006226
-0.5134100914001465,-0.5778466463088989,-0.5802119970321655,-0.5176457166671753
-0.500933825969696,-0.578324556350708,-0.5767712593078613,-0.5191071629524231
-0.5187885165214539,-0.58089280128479,-0.5809859037399292,-0.5188052654266357
-0.5168596506118774,-0.5482603311538696,-0.5700583457946777,-0.5153250694274902
-0.5194741487503052,-0.5812973976135254,-0.581225574016571,-0.5191254615783691
-0.5132919549942017,-0.5778381824493408,-0.5728442072868347,-0.5193542838096619
-0.5147883296012878,-0.5797831416130066,-0.578178882598877,-0.5142325162887573
-0.5189253687858582,-0.581079363822937,-0.5811007022857666,-0.5190090537071228
-0.5194729566574097,-0.581265926361084,-0.5811735391616821,-0.519469678401947
-0.5164652466773987,-0.5790460109710693,-0.5785361528396606,-0.512272834777832
-0.5149394869804382,-0.5774770379066467,-0.5781189203262329,-0.5015208125114441
-0.5195275545120239,-0.5812135338783264,-0.5812388062477112,-0.5195119976997375
-0.45984140038490295,-0.5694032311439514,-0.5505966544151306,-0.4320239722728729
-0.5195037722587585,-0.581283688545227,-0.5812762379646301,-0.5196486115455627
-0.515020489692688,-0.5726264715194702,-0.5584238767623901,-0.5186168551445007
-0.5171994566917419,-0.5774842500686646,-0.5782225131988525,-0.5170614123344421
-0.5191963911056519,-0.5808972120285034,-0.5785761475563049,-0.5155700445175171
-0.519503116607666,-0.5812352299690247,-0.5812268257141113,-0.519670844078064
-0.48252514004707336,-0.577868640422821,-0.5772919654846191,-0.5182287693023682
-0.5190951824188232,-0.5809537768363953,-0.5808219909667969,-0.5180478692054749
-0.519056499004364,-0.5811062455177307,-0.5811490416526794,-0.5190321207046509
-0.5145627856254578,-0.5798628330230713,-0.5807946920394897,-0.5183148980140686
-0.5192616581916809,-0.5810615420341492,-0.5810344219207764,-0.5189139246940613
-0.3743029832839966,-0.4244823753833771,-0.5658904314041138,-0.5089420080184937
-0.5194515585899353,-0.581242024898529,-0.581301212310791,-0.5194441080093384
-0.49091100692749023,-0.5669867396354675,-0.537805438041687,-0.5151088237762451
-0.5195173025131226,-0.5812727212905884,-0.5812371969223022,-0.5193297863006592
-0.5184375047683716,-0.5810883641242981,-0.5811694264411926,-0.5190911293029785
-0.518792450428009,-0.5805708169937134,-0.580784022808075,-0.5184255838394165
-0.5187751054763794,-0.5810427665710449,-0.5809756517410278,-0.5183246731758118
-0.5190209746360779,-0.5810357332229614,-0.5809998512268066,-0.5188472270965576
-0.5184110999107361,-0.5806527137756348,-0.5810804963111877,-0.5192335247993469
-0.5148451328277588,-0.5653300881385803,-0.4814682602882385,-0.3571987748146057
-0.5190463662147522,-0.5810850858688354,-0.5810816287994385,-0.5189537405967712
-0.519527792930603,-0.5812734961509705,-0.5812579393386841,-0.5195227265357971
-0.519416868686676,-0.5812448263168335,-0.5812252759933472,-0.5191647410392761
-0.5196017026901245,-0.58091139793396,-0.5808752775192261,-0.5174069404602051
-0.518121600151062,-0.5772351622581482,-0.5800395011901855,-0.5190451741218567
-0.5194897055625916,-0.5811904072761536,-0.581261932849884,-0.5194537043571472
-0.51954185962677,-0.5813038945198059,-0.5813127160072327,-0.5196776390075684
-0.5120647549629211,-0.5805591940879822,-0.5809310078620911,-0.519748330116272
-0.5183290243148804,-0.576970636844635,-0.5605942010879517,-0.5116092562675476
-0.5194525122642517,-0.5811981558799744,-0.5811784863471985,-0.5193021297454834
-0.5154223442077637,-0.5799951553344727,-0.5801467895507812,-0.5167470574378967
-0.512721061706543,-0.531262993812561,-0.5384771227836609,-0.5122257471084595
-0.5193584561347961,-0.5812726020812988,-0.5812975764274597,-0.5195954442024231
-0.5195663571357727,-0.5812538266181946,-0.5811898112297058,-0.5187710523605347
-0.5195484757423401,-0.581123411655426,-0.5812413096427917,-0.5194720029830933
-0.5192604064941406,-0.5810521245002747,-0.5811342000961304,-0.5194339752197266
-0.45237860083580017,-0.5072970986366272,-0.2442925125360489,-0.27144235372543335
-0.5130443572998047,-0.4873656928539276,-0.5610791444778442,-0.5179237723350525
-0.507227897644043,-0.5591636300086975,-0.4759078025817871,-0.13764117658138275
-0.5189719200134277,-0.5806885361671448,-0.5798470973968506,-0.513647198677063
-0.515566885471344,-0.5809367299079895,-0.5811837911605835,-0.5196568369865417
-0.5194169282913208,-0.5812559127807617,-0.5812358260154724,-0.5194982886314392
-0.5173362493515015,-0.5727434158325195,-0.5342000126838684,-0.25806674361228943
-0.519368052482605,-0.5812312960624695,-0.5812344551086426,-0.5193905830383301
-0.5184260010719299,-0.5804831981658936,-0.5807175636291504,-0.5193536281585693
-0.5195226073265076,-0.5808309316635132,-0.5792108178138733,-0.5188251733779907
-0.5176040530204773,-0.5806859135627747,-0.5810690522193909,-0.5192574262619019
-0.48898354172706604,-0.5716234445571899,-0.5772809386253357,-0.519341230392456
-0.5174731612205505,-0.5792279839515686,-0.5807051658630371,-0.5191792249679565
-0.5148067474365234,-0.5662341117858887,-0.5049893260002136,-0.1546044498682022
-0.47311052680015564,-0.37658095359802246,-0.015264425426721573,-0.03684467077255249
-0.5195983648300171,-0.5813048481941223,-0.5812809467315674,-0.5193814039230347
-0.518446683883667,-0.5807598233222961,-0.5807111859321594,-0.5181484222412109
-0.5192021727561951,-0.5812205672264099,-0.5812135934829712,-0.5193596482276917
-0.5194152593612671,-0.5812373161315918,-0.5811691880226135,-0.5192386507987976
-0.5193750262260437,-0.5807429552078247,-0.5756379961967468,-0.5115435123443604
-0.4943564534187317,-0.5780606865882874,-0.5801023840904236,-0.5154368281364441
-0.5179153084754944,-0.5798929929733276,-0.5493351817131042,-0.5107521414756775
-0.5195120573043823,-0.5812421441078186,-0.5812220573425293,-0.5192450284957886
-0.5195941925048828,-0.581274151802063,-0.581190824508667,-0.519291341304779
-0.5185741782188416,-0.5807497501373291,-0.5806528329849243,-0.5175384283065796
-0.5037621259689331,-0.5718171000480652,-0.5557453632354736,-0.43791475892066956
-0.5193567872047424,-0.581183135509491,-0.5812559127807617,-0.5192504525184631
-0.5053449273109436,-0.579418957233429,-0.580682635307312,-0.5180858373641968
-0.5025920867919922,-0.4889659583568573,-0.47298869490623474,-0.5098555684089661
-0.5190628170967102,-0.5807795524597168,-0.5799881219863892,-0.5150868892669678
-0.5157440900802612,-0.5803972482681274,-0.5808689594268799,-0.518477737903595
-0.5193178653717041,-0.5812339186668396,-0.5812535881996155,-0.5197638273239136
-0.5131070613861084,-0.5805656909942627,-0.580875039100647,-0.5177819728851318
-0.5144400596618652,-0.5800309181213379,-0.581017792224884,-0.5191485285758972
-0.5194309949874878,-0.5811179280281067,-0.5812541246414185,-0.5195167064666748
-0.5193237066268921,-0.5804033279418945,-0.5765780210494995,-0.4721579849720001
-0.5174752473831177,-0.5809012055397034,-0.581118106842041,-0.5194615721702576
-0.5094907283782959,-0.5801805853843689,-0.5808315873146057,-0.5175269246101379
-0.5187557339668274,-0.581092119216919,-0.5811888575553894,-0.5189355611801147
-0.5194586515426636,-0.5811347365379333,-0.5810545682907104,-0.5192422270774841
-0.509576678276062,-0.5678686499595642,-0.5758821964263916,-0.5180938243865967
-0.5175342559814453,-0.5697445869445801,-0.4863864481449127,-0.5088726282119751
-0.514796257019043,-0.5799345374107361,-0.5803082585334778,-0.5180996656417847
-0.5194444060325623,-0.5811221599578857,-0.5811606049537659,-0.5188754796981812
-0.5168463587760925,-0.580879271030426,-0.5807936191558838,-0.5181841850280762
-0.4652363359928131,-0.5533713698387146,-0.5746485590934753,-0.5184789299964905
-0.5195096731185913,-0.5812699198722839,-0.5812690854072571,-0.5196163058280945
-0.5152835845947266,-0.5808426141738892,-0.5812081694602966,-0.519643247127533
-0.5187816619873047,-0.5810495018959045,-0.5810774564743042,-0.5190551280975342
-0.5148516297340393,-0.5776228308677673,-0.5774826407432556,-0.5118552446365356
-0.5158600807189941,-0.5786195397377014,-0.5787534713745117,-0.5150308012962341
-0.5190905928611755,-0.5812299847602844,-0.5812250375747681,-0.5193759799003601
-0.5194852352142334,-0.5812482833862305,-0.5812407732009888,-0.5193378329277039
-0.5192624926567078,-0.581146776676178,-0.5811218619346619,-0.5191315412521362
-0.5194899439811707,-0.5811792016029358,-0.5810641050338745,-0.5192422866821289
-0.4926694929599762,-0.5650918483734131,-0.5784885883331299,-0.5150070190429688
-0.5180326700210571,-0.5808166861534119,-0.5805324912071228,-0.5194243788719177
-0.5121716856956482,-0.5682435035705566,-0.5209246277809143,-0.2138047069311142
-0.319760799407959,-0.5081323385238647,-0.5738469362258911,-0.5179329514503479
-0.5194110870361328,-0.5809584259986877,-0.5810632109642029,-0.5190451145172119
-0.47723644971847534,-0.5065447092056274,-0.5245764255523682,-0.5160204768180847
-0.5193673968315125,-0.5812590718269348,-0.5811423063278198,-0.5191185474395752
-0.5193259119987488,-0.5810463428497314,-0.5810619592666626,-0.5190941095352173
-0.5191073417663574,-0.5811173915863037,-0.5811550617218018,-0.5193374156951904
-0.5194443464279175,-0.5809341073036194,-0.5808905363082886,-0.5195010900497437
-0.5195369720458984,-0.5812762379646301,-0.581292986869812,-0.5196005702018738
-0.5031350255012512,-0.579332709312439,-0.580605149269104,-0.5188561677932739
-0.5192350149154663,-0.58063805103302,-0.5798380970954895,-0.5193617939949036
-0.5195524096488953,-0.5811063647270203,-0.5809463262557983,-0.5193754434585571
-0.5194879174232483,-0.5812438726425171,-0.5811992883682251,-0.5192180275917053
-0.5189056992530823,-0.5812194347381592,-0.5811604261398315,-0.5186496376991272
-0.5190403461456299,-0.5809803605079651,-0.5810293555259705,-0.5186039209365845
